<?xml version="1.0" encoding="UTF-8"?>

<!-- Configuration panel -->
<banner width = "" height = ""
		startWith = "1" 
		random = "false"
		
		backgroundColor = "0xffffff" 
		backgroundTransparency = "100"
		
		cellWidth = "50"
		cellHeight = "50"
		
		showMinTime = "0.2"
		showMaxTime = "1.5"
		
		blur = "50"
		netTime = "0.5"
		alphaNet = "80"
		netColor = "0x000000"
		
		overColor = "0x473C31"
		normalColor = "0x000000"
		selectedTextColor = "0xffffff"
		
		selectedButtonAlpha = "70"
		
		controllerVisible = "true"
		controllerBackgroundVisible = "true"
		
		prevNextVisible = "true"
		playBtVisible = "true"
		autoPlay = "true"
		navigationButtonsColor = "0x1a1a1a"
		
		controllerDistanceX = "10"
		controllerDistanceY = "10"
		
		controllerHeight = "27"
		distanceBetweenControllerElements = "10"
		distanceBetweenThumbs = "7"
		
		captionY = "10"
		captionX = "10"			
		
		captionWidth = "390"

		buttonText = "read more"
		btnNormalColor = "0xffffff"
		btnOverColor = "0x999999"
		
		readMoreBackAlpha = "80"
		readMoreBackColor = "0x473C31"
		
		paddingX = "20"
		paddingY = "15"
		
		btnSpacingW = "50"
		btnSpacingH = "5"
		
		loaderColor = "0x000000">
<!-- End panel -->


<!--If you want to customize your font use, for example:
	<font color='#FFffff' size='18px' family='Times, Times New Roman'> your text </font> 
	
	You can skip all values after link, as these have a default value as well
-->
	<item>
		<path>content/images/hotelmngt.png</path>
		<title><![CDATA[While some images can have a title]]></title>
		<caption><![CDATA[And a description as well...]]></caption>
		
		<target>_blank</target>
		<link>http://www.flabell.com/flash-components</link>
		
		<bar_color>0xffffff</bar_color>
		<bar_transparency>40</bar_transparency>
		
		<caption_color>0xffffff</caption_color>
		<caption_transparency>60</caption_transparency>
		
		<stroke_color>0xffffff</stroke_color>
		<stroke_transparency>60</stroke_transparency>
		
		<slideshowTime>20</slideshowTime>
	</item>
	
	<item>
		<path>content/images/audiovisuals.png</path>
		<title></title>
		<caption><![CDATA[Other images can have only a description, and it can be of any length.]]></caption>
		<target>_blank</target>
		<link></link>
		
		<bar_color>0xffffff</bar_color>
		<bar_transparency>40</bar_transparency>
		
		<caption_color>0xffffff</caption_color>
		<caption_transparency>60</caption_transparency>
		
		<stroke_color>0xffffff</stroke_color>
		<stroke_transparency>60</stroke_transparency>
		
		<slideshowTime>8</slideshowTime>
	</item>
	
	<item>
		<path>content/images/lightingndecos.png</path>
		<title></title>
		<caption><![CDATA[Other images can have only a description, and it can be of any length.]]></caption>
		<target>_blank</target>
		<link></link>
		
		<bar_color>0xffffff</bar_color>
		<bar_transparency>40</bar_transparency>
		
		<caption_color>0xffffff</caption_color>
		<caption_transparency>60</caption_transparency>
		
		<stroke_color>0xffffff</stroke_color>
		<stroke_transparency>60</stroke_transparency>
		
		<slideshowTime>8</slideshowTime>
	</item>
	<item>
		<path>content/images/eventmngt.png</path>
		<title></title>
		<caption><![CDATA[Other images can have only a description, and it can be of any length.]]></caption>
		<target>_blank</target>
		<link></link>
		
		<bar_color>0xffffff</bar_color>
		<bar_transparency>40</bar_transparency>
		
		<caption_color>0xffffff</caption_color>
		<caption_transparency>60</caption_transparency>
		
		<stroke_color>0xffffff</stroke_color>
		<stroke_transparency>60</stroke_transparency>
		
		<slideshowTime>8</slideshowTime>
	</item>
</banner>